"NOMI_clean","LABEL","LABEL6","LABEL_win2"
"prof stanzione garante protezione dati personali","pareggio","istituzioni ; esperti","istituzioni"
"anac avv busia","pareggio","istituzioni ; esperti","istituzioni"
"pagopa spa","pareggio","partecipate ; privati","partecipate"
"sace spa","pareggio","partecipate ; privati","partecipate"
"prof gustavo ghidini università studi milano","pareggio","istituzioni ; esperti","esperti"
"siae società italiana autori editori","centri_ricerca","istituzioni ; sindacati e categorie","sindacati e categorie"
"unione fori campania avv torrese","pareggio","istituzioni ; esperti","sindacati e categorie"
"avv anselmi unaa unione nazionale avvocati amministrativi","esperti","sindacati e categorie ; esperti","sindacati e categorie"
"uspp unione sindacati polizia penitenziaria","istituzioni","istituzioni ; sindacati e categorie","sindacati e categorie"
"avv sifo","pareggio","esperti ; altro","altro"
"ministero interno federfarma","pareggio","istituzioni ; sindacati e categorie","istituzioni ; sindacati e categorie"
"dina nerozzi medico università tor vergata","istituzioni","istituzioni ; esperti","esperto"
"università pavia prof gastone breccia","pareggio","istituzioni ; esperti","esperti"
"ispi amb alessandro minuto rizzo","pareggio","istituzioni ; altro","altro"
"ambasciatore emirati arabi uniti omar alshamsi","pareggio","istituzioni ; altro","istituzioni"
"comitato collegamento cattolici una civiltà amore onlus","pareggio","sindacati e categorie ; società civile","società civile"
"alessandro orsini direttore osservatorio sicurezza internazionale luiss","centri_ricerca","istituzioni ; altro","altro"
"giampiero massolo ambasciatore presidente istituto studi politica internazionale ispi","pareggio","istituzioni ; altro","altro"
"confederazione regioni province autonome","pareggio","istituzioni ; sindacati e categorie","istituzioni"
"prof salvatore santangelo università tor vergata","pareggio","istituzioni ; esperti","esperti"
"prof massimiliano marzo alma mater studiorum università bologna","pareggio","istituzioni ; esperti","esperti"
"prof mario sanino presidente unione nazionale avvocati amministrativiti unaa","esperti","sindacati e categorie ; esperti","sindacati e categorie"
"profssa antonella sciarrone alibrandi università cattolica sacro cuore","pareggio","istituzioni ; esperti","esperti"
"prof leonardo becchetti università tor vergata uniroma","pareggio","istituzioni ; partecipate ; esperti","esperti"
"anpal","istituzioni","istituzioni ; partecipate","istituzioni"
"aicc","sindacati_e_organiz_di_rappr","istituzioni ; sindacati e categorie","sindacati e categorie"
"prof guido tabellini università bocconi","pareggio","istituzioni ; esperti","esperti"
"prof gianfranco viesti università bari","pareggio","istituzioni ; esperti","esperti"
"prof vittorio daniele università magna graecia catanzaro","pareggio","istituzioni ; esperti","esperti"
"prof marcello bianchi assonime","pareggio","sindacati e categorie ; esperti","sindacati e categorie"
"prof paolo savona consob","pareggio","istituzioni ; esperti","istituzioni"
"cncu altroconsumo","pareggio","istituzioni ; società civile","società civile"
"pascal saint amans director centre for tax policy and administration ocse","pareggio","istituzioni ; sindacati e categorie","istituzioni"
"prof fabrizia lapecorella direttore dipartimento finanze","pareggio","istituzioni ; esperti","istituzioni"
"prof paola profeta università bocconi","esperti","istituzioni ; esperti","esperti"
"prof corasaniti università studi brescia","pareggio","istituzioni ; esperti","esperti"
"prof giuseppe melis luiss","esperti","istituzioni ; esperti","istituzioni"
"prof carlo fiorio università studi milano irvapp fbk","pareggio","istituzioni ; esperti","esperti"
"avvocato spaziani testa presidente confedilizia","pareggio","sindacati e categorie ; esperti","sindacati e categorie"
"prof baldini università modena reggio emilia","pareggio","istituzioni ; esperti","esperti"
"prof massimo bordignon università cattolica & european fiscal board","pareggio","istituzioni ; esperti","esperti"
"prof giuseppe pisauro presidente upb","pareggio","istituzioni ; esperti","istituzioni"
"avv ernesto maria ruffini direttore agenzia entrate","pareggio","istituzioni ; esperti","istituzioni"
"dottssa savigni ordine dottori commercialisti esperti contabili sardegna","esperti","istituzioni ; esperti","sindacati e categorie"
"dipartimento finanze professoressa lapecorella","pareggio","istituzioni ; esperti","istituzioni"
"prof mauro masi consap","pareggio","partecipate ; esperti","partecipate"
"professoressa annamaria lusardi direttore comitato edufin","pareggio","istituzioni ; esperti","istituzioni"
"professor massimo margottini ordinario didattica generale università studi roma tre","pareggio","istituzioni ; esperti","esperti"
"professoressa anna maria giannini ordinario psicologia università studi roma sapienza","pareggio","istituzioni ; esperti","esperti"
"arch elisabetta spitz commissario straordinario completamento mose","pareggio","istituzioni ; esperti","istituzioni"
"sport salute spa","pareggio","partecipate ; privati","partecipate"
"coni sport salute spa","istituzioni","istituzioni ; partecipate ; privati","istituzioni ; partecipate ; privati"
"presidente sport salute spa","pareggio","partecipate ; privati","partecipate"
"ales arte lavoro servizi spa","istituzioni","partecipate ; sindacati e categorie ; privati","partecipate"
"cisl federazione università","pareggio","istituzioni ; sindacati e categorie","sindacati e categorie"
"presidente società italiana autori editori siae","centri_ricerca","istituzioni ; sindacati e categorie","sindacati e categorie"
"fondazione ottavio ziino orchestra roma lazio ico","istituzioni","istituzioni ; sindacati e categorie","istituzioni"
"associazione nazionale istituzioni concertistico orchestrali ico","istituzioni","istituzioni ; sindacati e categorie","istituzioni"
"cisl università","pareggio","istituzioni ; sindacati e categorie","sindacati e categorie"
"sottosegretaria profssa maria cecilia guerra mef","esperti","istituzioni ; esperti","istituzioni"
"cism conferenza italiana superiori maggiori uism unione superiore maggiori d italia","pareggio","sindacati e categorie ; società civile","sindacati e categorie ; società civile"
"commissario straordinario ripristino funzionalità impianto funiviario savona concessione società funivie spa","pareggio","istituzioni ; privati","istituzioni"
"prof gianfranco fancello università cagliari","pareggio","istituzioni ; esperti","esperti"
"avv claudio solinas portavoce comitato trenitalia nuorese","pareggio","società civile ; esperti","società civile"
"prof giulio enea vigevani","pareggio","istituzioni ; esperti","esperti"
"uil veneto","pareggio","istituzioni ; sindacati e categorie","sindacati e categorie"
"ing francesco caio presidente italia trasportoaereo spa","pareggio","partecipate ; privati ; esperti","partecipate"
"dott fabio lazzerini amministratore delegato italia trasportoaereo spa","pareggio","partecipate ; privati","partecipate"
"prof enrico nardelli università roma tor vergata","pareggio","istituzioni ; esperti","esperti"
"fulvio soccodato soggetto attuatore ex art 7 l205 2016 anas","istituzioni","istituzioni ; partecipate","partecipate"
"nicola prisco responsabile struttura territoriale lombardia anas","istituzioni","istituzioni ; partecipate","partecipate"
"aldo castellari responsabile struttura territoriale emilia romagna anas","istituzioni","istituzioni ; partecipate","partecipate"
"vincenzo marzi responsabile struttura territoriale puglia anas","istituzioni","istituzioni ; partecipate","partecipate"
"nicola montesano responsabile struttura territoriale campania anas","istituzioni","istituzioni ; partecipate","partecipate"
"lucia conti esperta struttura tecnica missione mit","istituzioni","istituzioni ; esperti","esperto"
"luca giunti esperto commissione tecnica torino lione unione montana valle susa","pareggio","istituzioni ; esperti","esperto"
"prof sergio foà università studi torino","pareggio","istituzioni ; esperti","esperti"
"angelo tartaglia esperto commissione tecnica torino lione unione montana valle susa","pareggio","istituzioni ; esperti","esperto"
"prof paolo beria politecnico milano","pareggio","istituzioni ; esperti","istituzioni"
"prof lanfranco senn università bocconi","pareggio","istituzioni ; esperti","esperti"
"professoressa giovanna de minico università studi napoli federico ii","pareggio","istituzioni ; esperti","esperti"
"commissario straordinario realizzazione interventi urgenti ripristino funzionalità impianto funiviario savona concessione società funivie spa","pareggio","istituzioni ; privati","istituzioni"
"prof paolo benanti pontificia università gregoriana","pareggio","istituzioni ; esperti","esperti"
"prof oreste pollicino università bocconi","pareggio","istituzioni ; esperti","esperti"
"prof guglielmo tamburrini università studi napoli federico ii","pareggio","istituzioni ; esperti","esperti"
"professor giuseppe attardi dipartimento informatica università pisa","pareggio","istituzioni ; esperti","esperti"
"professoressa rita cucchiara direttore laboratorio nazionale artificial intelligence and intelligent systems cini consorzio interuniversitario nazionale informatica","pareggio","istituzioni ; sindacati e categorie ; esperti","istituzioni"
"anas spa","pareggio","partecipate ; privati","partecipate"
"trenitalia spa","pareggio","partecipate ; privati","partecipate"
"alitalia società aerea italiana spa","partecipate","partecipate ; privati","partecipate"
"commissario straordinario alitalia","pareggio","istituzioni ; partecipate","istituzioni"
"poste italiane spa","pareggio","partecipate ; privati","partecipate"
"enav spa","pareggio","partecipate ; privati","partecipate"
"adr aeroporti roma spa","pareggio","partecipate ; privati","partecipate"
"dottoressa olga simeon esperto nazionale commissione europea","esperti","istituzioni ; esperti","esperto"
"commissari straordinari alitalia","pareggio","istituzioni ; partecipate","istituzioni"
"rete ferroviaria italiana spa","pareggio","partecipate ; privati","partecipate"
"enel spa","pareggio","partecipate ; privati","partecipate"
"professoressa maria lisa clodoveo università bari","pareggio","istituzioni ; esperti","esperti"
"prof michele pisante università teramo","pareggio","istituzioni ; esperti","esperti"
"prof giuseppe pulina università sassari","pareggio","istituzioni ; esperti","esperti"
"prof amedeo reyneri lagnasco università torino","pareggio","istituzioni ; esperti","esperti"
"prof massimo tagliavini libera università bolzano","pareggio","istituzioni ; esperti","esperti"
"professor angelo frascarelli presidente istituto servizi mercato agricolo alimentare ismea","pareggio","istituzioni ; esperti","istituzioni"
"associazione italiana coltivatori aic","pareggio","sindacati e categorie ; società civile","sindacati e categorie"
"prof riccardo valentini ordinario facoltà agraria università tuscia","pareggio","istituzioni ; esperti","esperti"
"prof bruno ronchi ordinario nutrizione alimentazione animale università tuscia coordinatore comitato consultivo accademia georgofili allevamenti produzione animali","pareggio","istituzioni ; esperti ; altro","esperti"
"prof marco bindi prorettore ricerca nazionale internazionale università studi firenze","pareggio","istituzioni ; esperti","esperti"
"prof paolo ermacora università udine","pareggio","istituzioni ; esperti","esperti"
"prof tornielli università verona","pareggio","istituzioni ; esperti","esperti"
"prof davide spadaro università torino","pareggio","istituzioni ; esperti","esperti"
"professor carlo russo università foggia","pareggio","istituzioni ; esperti","esperti"
"professor sebastiano giannico università bari","pareggio","istituzioni ; esperti","esperti"
"anbi friuli venezia giulia","pareggio","istituzioni ; sindacati e categorie","sindacati e categorie"
"anbi liguria","pareggio","istituzioni ; sindacati e categorie","sindacati e categorie"
"anbi umbria","pareggio","istituzioni ; sindacati e categorie","sindacati e categorie"
"anbi molise","pareggio","istituzioni ; sindacati e categorie","sindacati e categorie"
"anbi sardegna","pareggio","istituzioni ; sindacati e categorie","sindacati e categorie"
"anbi valle d aosta","pareggio","istituzioni ; sindacati e categorie","sindacati e categorie"
"anbi trentino alto adige","pareggio","istituzioni ; sindacati e categorie","sindacati e categorie"
"anbi marche","pareggio","istituzioni ; sindacati e categorie","sindacati e categorie"
"anbi abruzzo","pareggio","istituzioni ; sindacati e categorie","sindacati e categorie"
"anbi puglia","pareggio","istituzioni ; sindacati e categorie","sindacati e categorie"
"anbi calabria","pareggio","istituzioni ; sindacati e categorie","sindacati e categorie"
"prof paolo maddalena vice presidente emerito corte costituzionale","pareggio","istituzioni ; esperti","istituzioni"
"anbi toscana","pareggio","istituzioni ; sindacati e categorie","sindacati e categorie"
"anbi piemonte","pareggio","istituzioni ; sindacati e categorie","sindacati e categorie"
"anbi lombardia","pareggio","istituzioni ; sindacati e categorie","sindacati e categorie"
"anbi veneto","pareggio","istituzioni ; sindacati e categorie","sindacati e categorie"
"anbi emilia romagna","pareggio","istituzioni ; sindacati e categorie","sindacati e categorie"
"anbi campania","pareggio","istituzioni ; sindacati e categorie","sindacati e categorie"
"anbi sicilia occidentale","pareggio","istituzioni ; sindacati e categorie","sindacati e categorie"
"profssa adriana galderisi professore associato tecnica pianificazione urbanistica università studi campania vanvitelli","pareggio","istituzioni ; esperti","esperti"
"prof giuseppe corti professore ordinario pedologia dipartimento scienze agrarie alimentari ambientali università politecnica marche","pareggio","istituzioni ; esperti","esperti"
"prof fabio castelli presidente scuola ingegneria ordinario idrologia costruzioni idrauliche università studi firenze","esperti","istituzioni ; esperti","esperti"
"colap coordinamento libere associazioni professionali","società_civile","sindacati e categorie ; società civile","sindacati e categorie"
"professor augusto preta presidente international institute of communication capitolo italiano fondatore amministratore unico itmediansulting","pareggio","società civile ; esperti","esperti"
"movimento nazionale liberi farmacisti federazione nazionale parafarmacie italiane federazione farmacisti disabilità onlus confederazione unitaria libere parafarmacie italiane","pareggio","sindacati e categorie ; società civile","sindacati e categorie ; società civile"
"legambiente uni","pareggio","istituzioni ; società civile","istituzioni ; società civile"
"prof coiro domenico dip ingegneria industriale sezione aerospaziale dpt industrial engineering aerospace division università studi napoli federico ii","pareggio","istituzioni ; esperti","esperti"
"professor enrico f geretto università studi udine","pareggio","istituzioni ; esperti","esperti"
"cna umbria","pareggio","istituzioni ; sindacati e categorie","sindacati e categorie"
"prof carlo andrea bollino università perugia dipartimento economia","pareggio","istituzioni ; esperti","esperti"
"federmep federmatrimoni eventi privati","pareggio","sindacati e categorie ; privati","sindacati e categorie"
"kyoto club transport and environment","pareggio","sindacati e categorie ; società civile","società civile"
"act italia associazione campeggiatori turistici d italia","sindacati_e_organiz_di_rappr","sindacati e categorie ; società civile","società civile"
"snam spa","pareggio","partecipate ; privati","partecipate"
"tavolo autoconsumo efficienza energetica elemens","pareggio","sindacati e categorie ; privati","sindacati e categorie"
"fire federazione italiana uso razionale energia","società_civile","sindacati e categorie ; società civile","sindacati e categorie"
"prof sergio matteo savaresi politecnico milano","pareggio","istituzioni ; esperti","istituzioni"
"confartigianato imprese marche","pareggio","istituzioni ; sindacati e categorie","sindacati e categorie"
"centro studi cna marche","pareggio","istituzioni ; sindacati e categorie","sindacati e categorie"
"terna spa","pareggio","partecipate ; privati","partecipate"
"società gestione impianti nucleari spa","pareggio","partecipate ; privati","partecipate"
"unione industriali provincia savona","pareggio","istituzioni ; sindacati e categorie","sindacati e categorie"
"professore vincenzo balzani università bologna","pareggio","istituzioni ; esperti","esperti"
"commissari straordinari gruppo ilva","pareggio","istituzioni ; privati","istituzioni"
"presidente consiglio nazionale ordine consulenti lavoro","pareggio","istituzioni ; sindacati e categorie","sindacati e categorie"
"presidente anpal","istituzioni","istituzioni ; partecipate","istituzioni"
"movimento unico dipendenti 118 sicilia","istituzioni","istituzioni ; sindacati e categorie","sindacati e categorie"
"dott marco cossu infermiere professionale centrale operativa 118 sassari nonché membro consiglio direttivo nazionale sis 118","esperti","istituzioni ; esperti ; altro","altro"
"prof francesco pugliese direttore dipartimento emergenza accettazione aree critiche trauma policlinico umberto","pareggio","istituzioni ; esperti","istituzioni"
"dott mario balzanelli direttore 118 asl taranto nonché presidente nazionale sis 118","pareggio","istituzioni ; altro","altro"
"dott antonio antonaci medico medicina generale presso asl lecce","pareggio","istituzioni ; esperti","esperto"
"avv vito cozzoli presidente italia sport salute","pareggio","partecipate ; esperti","partecipate"
"profssa abbracchio università studi milano","pareggio","istituzioni ; esperti","esperti"
"professor brusaferro istituto superiore sanità","pareggio","istituzioni ; esperti","istituzioni"
"prof giorgio parisi presidente accademia lincei commissione covid 19 accademia stessa dott filippo anelli presidente fnomceo","esperti","sindacati e categorie ; esperti","sindacati e categorie ; esperti"
"prof giovanni capelli professore ordinario igiene generale applicata presso università studi cassino lazio meridionale","pareggio","istituzioni ; esperti","esperti"
"prof alessandro venturi presidente policlinico san matteo pavia","pareggio","istituzioni ; esperti","istituzioni"
"prof nino cartabellotta presidente fondazione gimbe","pareggio","esperti ; altro","altro"
"dottssa vincenza colonna ricercatrice cnr genetista bioinformatica","pareggio","istituzioni ; esperti","esperto"
"prof franco locatelli professore ordinario pediatria generale specialistica università sapienza roma presidente consiglio superiore sanità","pareggio","istituzioni ; esperti","esperti"
"associazione endometriosi friuli venezia giulia onlus","pareggio","istituzioni ; società civile","società civile"
"aogoi sigo","pareggio","sindacati e categorie ; altro","sindacati e categorie ; altro"
"dott afredo mantovano consigliere corte suprema cassazione vicepresidente centro studi rosario livatino","esperti","istituzioni ; altro","altro"
"prof lucio romano membro comitato nazionale bioetica","pareggio","istituzioni ; esperti","istituzioni"
"prof manzoli responsabile scientifico registro tumori reg regione abruzzo registro reg malattie rare","pareggio","istituzioni ; esperti","istituzioni"
"favo prof francesco de lorenzo","pareggio","società civile ; esperti","società civile"
"ingegner giuseppe de pietro direttore istituto calcolo reti alte prestazioni consiglio nazionale ricerche","pareggio","istituzioni ; esperti","istituzioni"
"profssa fraschetti università studi napoli federico ii","pareggio","istituzioni ; esperti","esperti"
"prof boero università studi napoli federico ii","pareggio","istituzioni ; esperti","esperti"
"prof campanile università federico ii","pareggio","istituzioni ; esperti","esperti"
"prof antonio limone istituto zooprofilattico sperimentale mezzogiorno","pareggio","istituzioni ; esperti","istituzioni"
"prof masini coldiretti","pareggio","sindacati e categorie ; esperti","sindacati e categorie"
"prof pasquale stanzione presidente garante protezione dati personali","pareggio","istituzioni ; esperti","istituzioni"
"confetra friuli venezia giulia","pareggio","istituzioni ; sindacati e categorie","sindacati e categorie"
"prof mauro cappellodocente master aigep università studi tuscia","pareggio","istituzioni ; esperti","esperti"
"prof leonardo becchetti università tor vergata uniroma 2","pareggio","istituzioni ; partecipate ; esperti","esperti"
"prof ferdinando albisinni università studi tuscia","pareggio","istituzioni ; esperti","esperti"
"prof massimiliano marzo università studi bologna","pareggio","istituzioni ; esperti","esperti"
"adepp associazione enti previdenziali privati","pareggio","sindacati e categorie ; privati","sindacati e categorie"
